{"cameraMode":{"drawMode":0,"name":"Shaded","section":"Shading Mode"},"sceneLighting":true,"audioPlay":false,"sceneViewState":{"showFog":true,"showMaterialUpdate":false,"showSkybox":true,"showFlares":true,"showImageEffects":true,"showParticleSystems":true},"in2DMode":false,"pivot":{"x":593.6627197265625,"y":288.84088134765627,"z":-1.1160974502563477},"rotation":{"x":0.02490568906068802,"y":0.010790778324007988,"z":-0.00026988665922544897,"w":0.9996349811553955},"size":396.1989440917969,"orthographic":true}